{"initial_reset_timestamp": 1629862285.7817187, "timestamps": [1629862288.524053], "episode_lengths": [170], "episode_rewards": [4.0], "episode_types": ["t"]}